{
  "assetsByChunkName": {
    "vendors~app-account~app-confirmation~app-order": "chunk.619648baffefb5c83ff9.js",
    "vendors~app-account~app-checkout": "chunk.06ef95b26c9aeb754946.js",
    "vendors~app-cart~app-checkout": "chunk.e199cdd769769bdaa6b5.js",
    "admin": [
      "admin.3b3a2ec90cb9eae8ba2e.js",
      "admin.3b3a2ec90cb9eae8ba2e.js.map"
    ],
    "app-account": "chunk.019c8b6679a3a8dcb377.js",
    "app-checkout": "chunk.c834ffc0b7ba5ecee9ff.js",
    "app-confirmation": "chunk.fa1295c637b166676a8f.js",
    "checkout": [
      "checkout.b5b26e9528e51392dfab.js",
      "checkout.b5b26e9528e51392dfab.js.map"
    ],
    "storefront": [
      "storefront.c425f7311c66cc5af433.css",
      "storefront.0814e9e984305fe7ffcb.js",
      "storefront.c425f7311c66cc5af433.css.map",
      "storefront.0814e9e984305fe7ffcb.js.map"
    ],
    "vendors~app-cart": "chunk.a1b387af846647ef90ad.js",
    "vendors~app-order": "chunk.58a8f28f2d6c515ecc30.js"
  }
}