{
  "description": {
    "title": "LS Prótese Capilar",
    "text": "LS Prótese Capilar é loja especializada em vendas de próteses capilares, com grande gama de cores, modelos e personalização de cores, cortes e acessórios. Vendas em varejo e atacado."
  },
  "links_1": {
    "list_pages": true,
    "title": "Sobre nós :)",
    "list": []
  },
  "links_2": {
    "list_categories": true,
    "title": "Categorias",
    "list": []
  },
  "contacts": {
    "title": "Contatos",
    "phone_wpp": true,
    "socials": true,
    "email": true,
    "address": true
  },
  "stamps": [
    {
      "src": "/img/uploads/ssl-safe.png",
      "alt": "Secure connection"
    }
  ],
  "payment_methods": {
    "bb": true,
    "visa": true,
    "boleto": true,
    "aura": false,
    "banrisul": false,
    "elo": true,
    "hipercard": false,
    "hsbc": false,
    "bradesco": true,
    "santander": false,
    "mastercard": true,
    "citibank": false,
    "mais": false,
    "itau": true
  },
  "credits": ""
}