{
  "meta_title": "",
  "meta_description": "",
  "sections": [
    {
      "type": "banner-slider",
      "autoplay": 9000,
      "full_width": true,
      "slides": [
        {
          "start": "",
          "end": "2023-12-02T23:23:50.172Z",
          "img": "/img/uploads/whatsapp-image-2023-11-14-at-22.25.38.jpeg"
        },
        {
          "start": "",
          "end": "",
          "img": "/img/uploads/1-hibrida-ou-micropele.png",
          "link": "https://lsmegahair.com.br/protese-capilar"
        },
        {
          "start": "",
          "end": "",
          "img": "/img/uploads/cacheadas.png",
          "link": "https://lsmegahair.com.br/protese-capilar-masculina-de-micropele-humano-cacheado-crespo"
        },
        {
          "start": "",
          "end": "",
          "img": "/img/uploads/acessorios.png",
          "link": "https://lsmegahair.com.br/fita-gold-adesiva-para-protese-capilar-50m-e-5m"
        },
        {
          "start": "",
          "end": "",
          "img": "/img/uploads/35950-13-revendedor.png",
          "link": "https://lsmegahair.com.br/pages/atacado"
        }
      ]
    },
    {
      "type": "info-bar",
      "enabled": true
    },
    {
      "type": "banners-grid",
      "banners": [
        {
          "img": "/img/uploads/35950-1.png",
          "link": "https://www.lsprotesecapilar.com.br/protese-capilar"
        },
        {
          "img": "/img/uploads/grid-acessorios.png",
          "link": "https://www.lsprotesecapilar.com.br/acessorios-e-utilidades"
        }
      ]
    },
    {
      "type": "collection-shelf",
      "shuffle": true,
      "collection_id": null,
      "sort": "news",
      "title": "Novidades quentes",
      "headless": false,
      "limit": 12,
      "page": 1
    },
    {
      "type": "collection-shelf",
      "shuffle": false,
      "limit": 12,
      "page": 1,
      "sort": "sales",
      "title": "Mais vendidos"
    }
  ]
}